DateTime,Actual,Single WPD-LSTM,Multi WPD-LSTM,LSTM,Multi WPD-LSTM without weight optimization,Linear Regression,Persistence,Single EMD,Multi EMD
10/08/2023 06:00,0,0,0,0,0,0,0,5760.8813,1579.749
10/08/2023 06:15,0,0,0,0,0,0,0,5420.443,2686.4382
10/08/2023 06:30,0,0,0,0,0,0,0,4947.2314,1724.6895
10/08/2023 06:45,0,0,0,0,0,0,0,4480.1807,5324.006
10/08/2023 07:00,0,0,0,0,0,0,0,4092.7673,-1651.7998
10/08/2023 07:15,0,0,0,0,0,0,0,3581.37,-4262.4233
10/08/2023 07:30,0,0,0,0,1275.72,424,1190,3060.4639,-6550.1157
10/08/2023 07:45,709,1156.88,1212.89,1533.97,1791.07,709,1166,2995.8123,2850.5828
10/08/2023 08:00,1058,1484.04,1272.8,1753.71,2119.68,1673,2418,2577.5652,-4381.1045
10/08/2023 08:15,1504,1810.17,1382.92,2063.21,2107.19,2375,1877,2535.0508,-4580.917
10/08/2023 08:30,2072,2235.63,1633.88,2359.03,2721.62,2191,2360,2178.9412,-9034.413
10/08/2023 08:45,2763,2748.61,2005.52,2674.83,3599.27,2683,2632,1823.634,-3374.7864
10/08/2023 09:00,2790,3212.63,2385.7,3016.27,4258.85,3072,3131,1674.6239,2260.8267
10/08/2023 09:15,4325,3664.93,2755.28,3393.07,4706.48,3504,3708,1581.0562,-3462.4883
10/08/2023 09:30,3424,4182.2,3164.17,3840.48,4712.08,3569,5302,1550.0195,-4346.174
10/08/2023 09:45,3784,4562,3428.41,4338.09,5238.46,3916,6147,1598.9564,-5067.062
10/08/2023 10:00,4426,4709.88,3784.15,4833.57,6005.93,1731,6014,1815.5938,-899.6764
10/08/2023 10:15,4478,4797,4155.55,5192.94,6579.3,1821,6566,2104.9512,2123.977
10/08/2023 10:30,4505,4984.4,4821.88,5495.27,7032.02,4619,3643,2634.6458,9671.662
10/08/2023 10:45,7543,5405.51,5214.38,5238.09,7061.99,4744,2865,3359.666,10491.225
10/08/2023 11:00,4945,5696.94,5371.96,5067.62,7400.94,8217,4627,3781.0386,14228.733
10/08/2023 11:15,4599,5967.68,5755.33,5227.28,8018.93,8217,8796,4544.661,17973.824
10/08/2023 11:30,6236,5992.63,6372.04,5859.87,8376.94,2594,7789,5494.287,13139.176
10/08/2023 11:45,6094,6036.95,6514,5962.71,8656.51,2406,7444,6726.954,17081.646
10/08/2023 12:00,9351,5972.22,6249.72,5856.61,8587.54,656,8668,7466.408,23569.754
10/08/2023 12:15,9848,5923.93,6427.62,5817.71,8457.65,663,7858,8561.399,21945.852
10/08/2023 12:30,10082,5869.77,6802.63,5715.01,8667.5,7139,8948,9334.722,24925.594
10/08/2023 12:45,11320,5695.67,6650.7,5806.31,8535.31,7010,6772,9923.783,25252.229
10/08/2023 13:00,5548,5582.82,6003.77,5445.36,8470.74,10274,5927,10410.013,33687.824
10/08/2023 13:15,5876,5512.79,5868.42,5124.18,8141.9,9637,9781,10817.196,23850.75
10/08/2023 13:30,3227,5222.41,5705.91,5377.23,7604.58,4626,8626,11014.513,34992.773
10/08/2023 13:45,3226,4860.38,4874.18,5208.59,7368.64,4226,7628,11169.116,35301.89
10/08/2023 14:00,1680,4457.25,3230.66,5036.8,6965.87,1577,5708,10948.114,38078.82
10/08/2023 14:15,1804,4017.66,2697.14,4594,6839.72,1251,3301,10746.745,38851.727
10/08/2023 14:30,1336,3520.44,2897.42,3952.05,6437.27,3936,2823,10840.895,42129.13
10/08/2023 14:45,1968,3018.16,2176.84,3486.66,5778.86,2987,2722,10592.551,46294.414
10/08/2023 15:00,2104,2470.9,1070.23,3109.34,5402.12,6562,1456,10525.318,37514.777
10/08/2023 15:15,3011,1927.13,688.461,2707.38,4845.42,4600,0,9971.395,40047.62
10/08/2023 15:30,2139,956.427,84.8669,1295.02,4566.37,3176,0,9138.592,42726.883
10/08/2023 15:45,736,434.825,1.54268,704.556,0,0,0,8518.306,41267.656
10/08/2023 16:00,0,0,0,0,0,0,0,7739.3325,44153.703
10/08/2023 16:15,0,0,0,0,0,0,0,6952.9707,42158.992
10/08/2023 16:30,0,0,0,0,0,0,0,6257.6353,42576.11
10/08/2023 16:45,0,0,0,0,0,0,0,5138.154,38650.68
10/08/2023 17:00,0,0,0,0,0,0,0,4931.3784,35509.195
10/08/2023 17:15,0,0,0,0,0,0,0,4607.6826,40996.566
10/08/2023 17:30,0,0,0,0,0,0,0,4364.684,37337.105
10/08/2023 17:45,0,0,0,0,0,0,0,4150.526,30016.84
10/08/2023 18:00,0,0,0,0,0,0,0,4372.842,24753.514
10/08/2023 18:15,0,0,0,0,0,0,0,4155.7256,20248.56
10/08/2023 18:30,0,0,0,0,0,0,0,4182.339,20694.676
10/08/2023 18:45,0,0,0,0,0,0,0,4246.967,24094.557
10/08/2023 19:00,0,0,0,0,0,0,0,4538.9326,14033.238
10/08/2023 19:15,0,0,0,0,0,0,0,6674.3994,5917.7603
10/08/2023 19:30,0,0,0,0,0,0,0,6182.7515,6945.5234
10/08/2023 19:45,0,0,0,0,0,0,0,5834.3916,4945.2207
10/09/2023 06:00,0,0,0,0,0,0,0,5262.9033,-581.8364
10/09/2023 06:15,0,0,0,0,0,0,0,4876.518,349.09973
10/09/2023 06:30,0,0,0,0,0,0,0,4389.4946,415.95605
10/09/2023 06:45,0,0,0,0,0,0,0,3933.185,3674.794
10/09/2023 07:00,0,0,0,0,0,0,0,3551.426,-2890.6948
10/09/2023 07:15,0,0,0,0,0,0,0,3050.1365,-5439.0234
10/09/2023 07:30,0,0,0,0,0,0,709,2557.7625,-7661.6714
10/09/2023 07:45,0,0,0,0,0,0,1058,2542.2146,2057.2883
10/09/2023 08:00,0,0,0,0,0,0,1504,2173.1868,-4780.7153
10/09/2023 08:15,0,0,0,0,0,0,2072,2180.7148,-4408.002
10/09/2023 08:30,0,0,0,0,2847.2,1347,2763,1893.8015,-9101.407
10/09/2023 08:45,1130,3007.39,3467.75,2775.48,3631.93,1596,2790,1611.019,-3040.2065
10/09/2023 09:00,1361,3446.11,3704.48,3188.34,4093.28,1474,4325,1539.7737,2696.7473
10/09/2023 09:15,1909,3900.31,4182.36,3729.71,4483.41,1683,3424,1526.5277,-2893.1587
10/09/2023 09:30,1738,4312.57,5254.79,4045.91,4696.89,1206,3784,1602.7056,-2921.1865
10/09/2023 09:45,1628,4674.1,5650.29,4343.66,5064.99,1348,4426,1761.6741,-3421.1277
10/09/2023 10:00,1639,5000.55,5521.2,4645.41,5692.45,924,4478,2061.3196,747.2073
10/09/2023 10:15,1804,5304.73,5551.77,4856.27,6155.45,996,4505,2457.5327,4230.0903
10/09/2023 10:30,1976,5626.25,6196.12,4970.67,6521.23,3019,7543,3050.0503,11867.667
10/09/2023 10:45,1653,5888.31,6270.22,5357.43,6837.87,3143,4945,3847.333,12644.762
10/09/2023 11:00,1640,6008.67,5740.22,5331.58,6865.04,4530,4599,4331.676,16656.617
10/09/2023 11:15,1611,6032.79,5488.23,5309.99,7328.35,4709,6236,5136.7256,20646.836
10/09/2023 11:30,1502,6078.79,6104.91,5483.95,7465.05,843,6094,6099.1714,15951.846
10/09/2023 11:45,2021,6190.32,6252.47,5326.23,7678.22,871,9351,7332.2554,20018.81
10/09/2023 12:00,1907,6318.2,5546.38,5669.41,7706.48,0,9848,8064.18,27061.348
10/09/2023 12:15,2448,6470.71,5336.99,5775.62,7553.86,0,10082,9106.188,25030.85
10/09/2023 12:30,1375,6449.67,6301.03,5787.52,7749.02,5036,11320,9822.367,27737.135
10/09/2023 12:45,559,6276.35,6435.93,5990.58,7493.25,4869,5548,10345.902,28352.068
10/09/2023 13:00,613,5999.74,5276.44,5217.26,7541.55,7843,5876,10752.132,36765.957
10/09/2023 13:15,715,5384.31,4633.93,4785.67,7537.46,7499,3227,11054.8,26656.363
10/09/2023 13:30,2626,4798.41,5138.03,4164.46,6846.38,2318,3226,11138.364,37609.195
10/09/2023 13:45,3902,4011.19,4710.92,3756.64,6850.56,2357,1680,11155.295,37826.125
10/09/2023 14:00,1754,3403.67,3289.49,3277.6,6113.87,987,1804,10808.289,40609.12
10/09/2023 14:15,1653,2908.96,2646.69,2935.32,5138.31,993,1336,10502.346,41065.87
10/09/2023 14:30,1378,2490.66,2753.74,2573.1,5495.45,3658,1968,10476.47,43761.95
10/09/2023 14:45,0,0,0,0,5318.34,3027,2104,10156.623,47867.2
10/09/2023 15:00,413,1771.6,1232.98,2164.38,0,0,3011,10023.264,38481.086
10/09/2023 15:15,0,0,0,0,0,0,2139,9408.353,41095.02
10/09/2023 15:30,0,0,0,0,0,0,736,8547.181,43360.305
10/09/2023 15:45,0,0,0,0,0,0,0,7922.8716,41439.305
10/09/2023 16:00,0,0,0,0,0,0,0,7161.853,44063.273
10/09/2023 16:15,0,0,0,0,0,0,0,6409.1787,41580.598
10/09/2023 16:30,0,0,0,0,0,0,0,5765.429,42041.46
10/09/2023 16:45,0,0,0,0,0,0,0,4722.3438,37420.47
10/09/2023 17:00,0,0,0,0,0,0,0,4556.225,34162.363
10/09/2023 17:15,0,0,0,0,0,0,0,4290.8027,39283.68
10/09/2023 17:30,0,0,0,0,0,0,0,4099.546,35670.79
10/09/2023 17:45,0,0,0,0,0,0,0,3937.0002,27905.598
10/09/2023 18:00,0,0,0,0,0,0,0,4205.3086,22018.842
10/09/2023 18:15,0,0,0,0,0,0,0,4049.0706,17522.844
10/09/2023 18:30,0,0,0,0,0,0,0,4092.6377,17757.305
10/09/2023 18:45,0,0,0,0,0,0,0,4166.3477,21165.312
10/09/2023 19:00,0,0,0,0,0,0,0,4453.9814,11112.6455
10/09/2023 19:15,0,0,0,0,0,0,0,6480.174,3939.8208
10/09/2023 19:30,0,0,0,0,0,0,0,5896.1704,4792.063
10/09/2023 19:45,0,0,0,0,0,0,0,5503.123,3138.0098
10/10/2023 06:00,0,0,0,0,0,0,0,4900.121,-2435.7358
10/10/2023 06:15,0,0,0,0,0,0,0,4444.941,-1175.8967
10/10/2023 06:30,0,0,0,0,0,0,0,3935.353,-860.8579
10/10/2023 06:45,0,0,0,0,0,0,0,3472.1077,2507.9453
10/10/2023 07:00,0,0,0,0,483.503,211,0,3106.0093,-3594.7417
10/10/2023 07:15,624,339.486,1238.6,660.819,947.544,448,0,2625.4585,-6390.3413
10/10/2023 07:30,1011,570.288,1414.4,737.568,1568.55,573,0,2165.7913,-8158.363
10/10/2023 07:45,1608,850.463,1574.14,874.951,1550.36,962,0,2215.2695,1768.402
10/10/2023 08:00,1884,1209.61,1451.41,1068.71,1614,1112,0,1903.7625,-4685.195
10/10/2023 08:15,2003,1591.23,1702.9,1304.28,2258.39,1536,0,1988.0894,-4511.008
10/10/2023 08:30,2480,1941.34,2477.38,1560.43,2880.3,1435,1130,1792.7988,-8170.282
10/10/2023 08:45,2380,2471.5,3389.34,2400.7,3585.98,1820,1361,1599.699,-2416.3286
10/10/2023 09:00,2548,2945.53,3624.63,2783.26,3729.14,1479,1909,1602.6504,3649.3823
10/10/2023 09:15,3017,3365.07,4413.23,3130.21,4023.55,1858,1738,1646.599,-1379.4414
10/10/2023 09:30,3924,3734.85,4868.12,3350.52,4440.23,1430,1628,1803.0806,-1831.8494
10/10/2023 09:45,4652,4031.51,5513.13,3490.98,4909.67,1850,1639,2035.7344,-1952.8623
10/10/2023 10:00,6001,4241.74,4656.45,3604.51,5480.32,1438,1804,2394.7925,2663.0574
10/10/2023 10:15,5785,4374.21,4936.41,3724.8,5612.67,1935,1976,2874.0637,6391.3594
10/10/2023 10:30,6950,4506.05,5946.15,3849.74,5983.32,4484,1653,3506.0112,14294.319
10/10/2023 10:45,8988,4675.48,6981.1,3918.8,6203.09,4979,1640,4344.1577,15545.121
10/10/2023 11:00,10123,4838.09,5358.56,3972.76,6485.29,8374,1611,4871.7085,19353.662
10/10/2023 11:15,10989,4973.39,5659.54,4001.47,6778.97,8778,1502,5706.144,23358.055
10/10/2023 11:30,11763,5048.27,7206.98,4012.39,6753.03,2599,2021,6682.7407,18543.406
10/10/2023 11:45,12796,4988.47,8306.98,4026.82,7143.99,3108,1907,7924.316,22595.875
10/10/2023 12:00,12151,4846.83,5808.32,3983.04,6841.84,2097,2448,8643.064,29781.795
10/10/2023 12:15,12473,4645.49,6497.89,3977.18,6827.77,2641,1375,9652.632,27376.525
10/10/2023 12:30,10565,4492.43,8466.98,3838.36,6880.04,7247,559,10334.527,30675.166
10/10/2023 12:45,12606,4345.1,9064.98,3675.91,6751.51,7077,613,10814.863,30955.809
10/10/2023 13:00,10399,4192.47,5490.96,3511.22,6622.12,10402,715,11173.546,38998.574
10/10/2023 13:15,7424,4056.74,5546.72,3454.59,6111.14,9476,2626,11409.733,28814.28
10/10/2023 13:30,10688,3855.94,6825.97,3429.26,5746.01,7307,3902,11421.084,39307.297
10/10/2023 13:45,6581,3607.94,6655.13,3482.34,5733.57,6484,1754,11355.401,39902.01
10/10/2023 14:00,5850,3413.03,2577.64,3313.09,5431.22,3933,1653,10928.258,41851.31
10/10/2023 14:15,3432,3059.35,2086.4,3054.84,5480.95,3079,1378,10559.641,41979.223
10/10/2023 14:30,4204,2665.34,2088.89,2814.58,4826.99,5059,0,10462.439,44424.895
10/10/2023 14:45,3749,1894.94,1782.72,1461.43,4681.69,3702,413,10108.717,48073.332
10/10/2023 15:00,2473,1993.04,705.496,2131.16,4152.68,7040,0,9937.49,39069.027
10/10/2023 15:15,1881,1157.06,594.9,920.751,3895.64,5030,0,9287.407,40931.156
10/10/2023 15:30,1746,735.654,609.232,517.867,3719.48,3625,0,8401.648,43070.855
10/10/2023 15:45,1328,432.443,507.447,246.287,3270.04,2254,0,7777.8945,40820.223
10/10/2023 16:00,974,169.166,331.044,63.0788,0,0,0,7043.54,43321.957
10/10/2023 16:15,0,0,0,0,0,0,0,6320.137,40203.633
10/10/2023 16:30,0,0,0,0,0,0,0,5718.4946,40592.266
10/10/2023 16:45,0,0,0,0,0,0,0,4712.776,35682.19
10/10/2023 17:00,0,0,0,0,0,0,0,4558.006,32042.02
10/10/2023 17:15,0,0,0,0,0,0,0,4312.1743,37381.066
10/10/2023 17:30,0,0,0,0,0,0,0,4126.3,33081.004
10/10/2023 17:45,0,0,0,0,0,0,0,3962.8062,25327.244
10/10/2023 18:00,0,0,0,0,0,0,0,4243.342,19788.754
10/10/2023 18:15,0,0,0,0,0,0,0,4101.481,14669.56
10/10/2023 18:30,0,0,0,0,0,0,0,4126.6807,14942.449
10/10/2023 18:45,0,0,0,0,0,0,0,4173.143,18287.559
10/10/2023 19:00,0,0,0,0,0,0,0,4425.695,8634.494
10/10/2023 19:15,0,0,0,0,0,0,0,5973.3354,1640.9302
10/10/2023 19:30,0,0,0,0,0,0,0,5315.9634,2094.9336
10/10/2023 19:45,0,0,0,0,0,0,0,4903.2466,1263.3428
